Saint Michael V2,Trippie Redd,English,2024,0
Merry Wickmas,Shawny Binladen,English,2020,0
TEEN(R)AGE,Dalyb,Slovak,2019,0
Pretty Romantic Goon,WHITENER,Russian,2020,0
Bobby Tarantino III,Logic,English,2021,0
Culturally Appropriate,Salvatore Ganacci,English,2022,0
191,MHG Dell,English,2023,0
Me vs. me,K$upreme,English,2022,0
M.I.A.,JEEMBO,Russian,2022,0
Drugstore Cowboy,TELLY GRAVE,Russian,2019,0
#FreeJRK,JRK 19,French,2023,0
Wickipedia (Deluxe),Shawny Binladen,English,2021,0
STIV COLLECTION,STIV4TRAP,Russian,2023,0
Lil Black Jean Jacket 2 (Ruby Edition),A$AP ANT,English,2020,0
Motorest,Gleb,Slovak,2018,0
Grinchin Since A Baby,Big YAYA,English,2022,0
Drake N Josh,YN Jay,English,2022,0
daydreamer,nour,Arabic,2023,0
Waiting on Wick,Shawny Binladen,English,2021,0
Used To Me,Mario,English,2023,0
CAPITAL,TVETH,Russian,2017,0
1159 LYFE (SUNSSET EDITION),FOUR50,English,2022,0
THE NOTORIOUS B.I.GLTAOW,Big GLTAOW,English,2023,0
The Lost Files,THOUXANBANFAUNI,English,2018,0
Yasuke,Flying Lotus,English,2021,0
J'fais mon tour,Bob Marlich,French,2023,0
Unor4odox,FOUR50,English,2022,0
ЛОВУШКА,молодой калуга,Russian,2023,0
You Only Live Once,FRIENDLY THUG 52 NGG,Russian,2023,0
FENDIGLOCK 2,FENDIGLOCK,Russian,2022,0
OTRICALA,Boulevard Depo,Russian,2015,0
4ever,WHITENER,Russian,2022,0
191 DELUXE,MHG Dell,English,2023,0
PAPI,BUSHIDO ZHO,Russian,2021,0
CREEPSHOW,VELIAL SQUAD,Russian,2023,0
6lankname,BATO,Russian,2023,0
SHAMELESS $UICIDE,$uicideboy$,English,2023,0
MUNGAM,Magnum Opus,Russian,2020,0
Тебя любят там где меня нет,kizaru,Russian,2022,0
МАССОВЫЙ СЛИВ ИНФОРМАЦИИ: ОГНЕННЫЙ УДАР КОРОЛЕВСКИМ ХЛЫСТОМ,MellowBite,Russian,2022,0
Karmageddon,kizaru,Russian,2019,0
Sorry 4 Da Flex 3,K$upreme,English,2022,0
Kendama Bae,SAPA13,Russian,2022,0
SKYWALKER,ROCKET,Russian,2023,0
Hillside Zoo,Carns Hill & Zone 2,English,2018,0
G'S IN PARIS,GIP,English,2024,0
DIRTIERNASTIER$UICIDE,$uicideboy$,English,2023,0
Overhead,FOUR50,English,2021,0
Худ,MellowBite,Russian,2020,0
Runtz / Oh My,Kwengface,English,2022,0
SPAYLER BLUC ?,OBLADAET,English,2023,0
#АЛОБАБЛО,WormGanger,Russian,2019,0
PHUNERAL,PHARAOH,Russian,2018,0
LEAVING LOATHE,Thouxanbanfauni,English,2023,0
NO OFFENCE,163ONMYNECK,Russian,2022,0
PROTAGONIST,ShawtyShine,Russian,2023,0
Top Croc,Soduh,English,2019,0
Boogie Man Wick,Shawny Binladen,English,2022,0
BIG BOY FM,Gleb,Slovak,2022,0
Kid Cudi (Remix),Xavier Wulf,English,2019,0
Super Vilain,Le Lij,French,2023,0
Hurt Your Parents Feelings,Carns Hill,English,2019,0
The Persona Tape,Maxo Kream,English,2016,0
VS4DEATH,VELIAL SQUAD,Russian,2018,0
Cristoforo Colombo,FRIENDLY THUG 52 NGG,Russian,2023,0
Le Zin & les Autres,Jwles,French,2022,0
Wana,nour,Arabic,2023,0
