Saint Michael V2,Trippie Redd,English,2024
Merry Wickmas,Shawny Binladen,English,2020
TEEN(R)AGE,Dalyb,Slovak,2019
Pretty Romantic Goon,WHITENER,Russian,2020
Bobby Tarantino III,Logic,English,2021
Culturally Appropriate,Salvatore Ganacci,English,2022
191,MHG Dell,English,2023
Me vs. me,K$upreme,English,2022
M.I.A.,JEEMBO,Russian,2022
Drugstore Cowboy,TELLY GRAVE,Russian,2019
#FreeJRK,JRK 19,French,2023
Wickipedia (Deluxe),Shawny Binladen,English,2021
STIV COLLECTION,STIV4TRAP,Russian,2023
Lil Black Jean Jacket 2 (Ruby Edition),A$AP ANT,English,2020
Motorest,Gleb,Slovak,2018
Grinchin Since A Baby,Big YAYA,English,2022
Drake N Josh,YN Jay,English,2022
daydreamer,nour,Arabic,2023
Waiting on Wick,Shawny Binladen,English,2021
Used To Me,Mario,English,2023
CAPITAL,TVETH,Russian,2017
1159 LYFE (SUNSSET EDITION),FOUR50,English,2022
THE NOTORIOUS B.I.GLTAOW,Big GLTAOW,English,2023
The Lost Files,THOUXANBANFAUNI,English,2018
Yasuke,Flying Lotus,English,2021
J'fais mon tour,Bob Marlich,French,2023
Unor4odox,FOUR50,English,2022
ЛОВУШКА,молодой калуга,Russian,2023
You Only Live Once,FRIENDLY THUG 52 NGG,Russian,2023
FENDIGLOCK 2,FENDIGLOCK,Russian,2022
OTRICALA,Boulevard Depo,Russian,2015
4ever,WHITENER,Russian,2022
191 DELUXE,MHG Dell,English,2023
PAPI,BUSHIDO ZHO,Russian,2021
CREEPSHOW,VELIAL SQUAD,Russian,2023
6lankname,BATO,Russian,2023
SHAMELESS $UICIDE,$uicideboy$,English,2023
MUNGAM,Magnum Opus,Russian,2020
Тебя любят там где меня нет,kizaru,Russian,2022
МАССОВЫЙ СЛИВ ИНФОРМАЦИИ: ОГНЕННЫЙ УДАР КОРОЛЕВСКИМ ХЛЫСТОМ,MellowBite,Russian,2022
Karmageddon,kizaru,Russian,2019
Sorry 4 Da Flex 3,K$upreme,English,2022
Kendama Bae,SAPA13,Russian,2022
SKYWALKER,ROCKET,Russian,2023
Hillside Zoo,Carns Hill & Zone 2,English,2018
G'S IN PARIS,GIP,English,2024
DIRTIERNASTIER$UICIDE,$uicideboy$,English,2023
Overhead,FOUR50,English,2021
Худ,MellowBite,Russian,2020
Runtz / Oh My,Kwengface,English,2022
SPAYLER BLUC ?,OBLADAET,English,2023
#АЛОБАБЛО,WormGanger,Russian,2019
PHUNERAL,PHARAOH,Russian,2018
LEAVING LOATHE,Thouxanbanfauni,English,2023
NO OFFENCE,163ONMYNECK,Russian,2022
PROTAGONIST,ShawtyShine,Russian,2023
Top Croc,Soduh,English,2019
Boogie Man Wick,Shawny Binladen,English,2022
BIG BOY FM,Gleb,Slovak,2022
Kid Cudi (Remix),Xavier Wulf,English,2019
Super Vilain,Le Lij,French,2023
Hurt Your Parents Feelings,Carns Hill,English,2019
The Persona Tape,Maxo Kream,English,2016
VS4DEATH,VELIAL SQUAD,Russian,2018
Cristoforo Colombo,FRIENDLY THUG 52 NGG,Russian,2023
Le Zin & les Autres,Jwles,French,2022
Wana,nour,Arabic,2023
